,conv maintain,green ben,green cost,green ins,green net
47229,0.00422237860661506,0.00422237860661506,0.0,0,0.00422237860661506
